Date,Description,Type,Primary Category,Sub Category,Vendor,Tax/Reason,Note,Amount,,
2/8/2024,ADALBERTOS MEXICAN FOO,DEBIT,Food,Fast Food,Adalberto,,, $(13),,
2/17/2024,ARCO#83008GRANTLINEQPS,DEBIT,Automotive,Gas,ARCO,,, $(74),,
2/12/2024,"Ariat International, I",DEBIT,Clothes,Shoes,,,Wedding, $(193),,
1/22/2024,BIG TREES MARKET,DEBIT,Food,Groceries,Big Trees Market,,Snow Trip, $(102),,
1/14/2024,BJS RESTAURANTS 436,DEBIT,Food,Restaurant,,,, $(58),,
1/24/2024,CHEVRON 0209212,DEBIT,Automotive,Gas,Chevron,,, $(52),,
1/19/2024,CHEVRON 0308114,DEBIT,Automotive,Gas,Chevron,,, $(87),,
2/10/2024,CHEVRON 0376769,DEBIT,Automotive,Gas,Chevron,,, $(56),,
2/10/2024,CHEVRON 0376769,DEBIT,Automotive,Gas,Chevron,,, $(15),,
2/4/2024,CHEVRON 0376769,DEBIT,Automotive,Gas,Chevron,,, $(108),,
2/3/2024,CHEVRON 0376769,DEBIT,Automotive,Gas,Chevron,,, $(45),,
1/13/2024,CHEVRON 0376769,DEBIT,Automotive,Gas,Chevron,,, $(41),,
1/7/2024,CHEVRON 0376769,DEBIT,Automotive,Gas,Chevron,,, $(60),,
1/19/2024,CHICK-FIL-A #03441,DEBIT,Food,Fast Food,Chick-fil-a,,, $(30),,
2/15/2024,CITYOFSAC_IPS_PKGMETER,DEBIT,Automotive,Parking,,,, $(3),,
2/16/2024,COCA COLA SACRAMENTO,DEBIT,,,,,, $(6),,
1/19/2024,DOLLAR TREE,DEBIT,Shopping,,Dollar Tree,,, $(22),,
1/10/2024,EASTSIDE CHEF RESTAURA,DEBIT,Food,Restaurant,East Side,,, $(61),,
1/17/2024,FRANKLIN RANCH PET HOS,DEBIT,Pet,Vet,Franklin Ranch,,Osey, $(232),,
1/28/2024,HARBOR TRUCK & AUTO,DEBIT,,,,,, $(42),,
2/18/2024,IN-N-OUT NATOMAS,DEBIT,,,,,, $(30),,
2/9/2024,IN-N-OUT ROSEVILLE,DEBIT,,,,,, $(34),,
1/5/2024,IN-N-OUT ROSEVILLE,DEBIT,,,,,, $(26),,
2/21/2024,INTEREST CHARGE-PURCHASES,DEBIT,,,,,, $(94),,
1/21/2024,INTEREST CHARGE-PURCHASES,DEBIT,,,,,, $(94),,
2/16/2024,LAKE NATOMA INN,DEBIT,,,,,, $(297),,
2/20/2024,LOWES #02755*,DEBIT,,,,,, $(249),,
2/12/2024,LOWES #02755*,DEBIT,,,,,, $(63),,
2/5/2024,LOWES #02755*,DEBIT,,,,,, $(53),,
1/5/2024,MACYS  ROSEVILLE,DEBIT,,,,,, $(46),,
1/5/2024,MACYS  ROSEVILLE,DEBIT,,,,,, $(38),,
1/10/2024,NEWEGG INC.,DEBIT,,,,,, $(204),,
2/15/2024,NUGGET MARKET #6,DEBIT,,,,,, $(43),,
2/9/2024,NUGGET MARKET #6,DEBIT,,,,,, $(10),,
2/7/2024,NUGGET MARKET #6,DEBIT,,,,,, $(101),,
2/4/2024,NUGGET MARKET #6,DEBIT,,,,,, $(35),,
1/17/2024,NUGGET MARKET #6,DEBIT,,,,,, $(79),,
1/7/2024,NUGGET MARKET #6,DEBIT,,,,,, $(58),,
1/5/2024,NUGGET MARKET #6,DEBIT,,,,,, $(81),,
2/15/2024,OLD SACRAMENTO STATE H,DEBIT,,,,,, $(24),,
1/16/2024,OLYMPUS POINTE STM 12,DEBIT,,,,,, $(36),,
2/10/2024,ONCE UPON A CHILD,DEBIT,,,,,, $(8),,
1/18/2024,ONCE UPON A CHLD #2026,DEBIT,,,,,, $(24),,
2/17/2024,ORKIN  LLC 002,DEBIT,,,,,, $(53),,
1/17/2024,ORKIN  LLC 002,DEBIT,,,,,, $(53),,
1/17/2024,PANERA BREAD #202204,DEBIT,,,,,, $(14),,
2/16/2024,PAPA MURPHY'S CA227,DEBIT,,,,,, $(51),,
2/5/2024,Payment Received,CREDIT,,,,,," $2,200 ",,
1/6/2024,Payment Received,CREDIT,,,,,," $5,091 ",,
2/16/2024,RALEY S #409,DEBIT,,,,,, $(26),,
2/12/2024,RALEY S #448,DEBIT,,,,,, $(173),,
1/10/2024,RAPID RX USA,DEBIT,,,,,, $(63),,
1/26/2024,ROMANS PIZZA,DEBIT,,,,,, $(106),,
1/19/2024,ROSEVILLE ACE HARDWARE,DEBIT,,,,,, $(26),,
2/2/2024,ROSEVILLE GROCERY OU,DEBIT,,,,,, $(275),,
1/18/2024,ROSEVILLE GROCERY OU,DEBIT,,,,,, $(440),,
1/18/2024,ROSEVILLE KIDS DENTIST,DEBIT,,,,,, $(59),,
1/13/2024,ROUND TABLE PIZZA 916,DEBIT,,,,,, $(89),,
2/10/2024,SACRAMENTO DI,DEBIT,,,,,, $(50),,
1/25/2024,SACRAMENTO ZOOLOGICAL,DEBIT,,,,,, $(5),,
1/28/2024,SAFEWAY #1647,DEBIT,,,,,, $(34),,
1/5/2024,SHELL OIL 574430148QPS,DEBIT,,,,,, $(37),,
2/18/2024,SHELL OIL 574432223QPS,DEBIT,,,,,, $(62),,
2/3/2024,SP KIRA HOME,DEBIT,,,,,, $(232),,
2/6/2024,SP THE ESSENTIAL MARKE,DEBIT,,,,,, $(29),,
1/2/2024,SP WATERBIRTHSOLUTIO,DEBIT,,,,,, $(63),,
1/12/2024,SQ *FRESH BAKED PRETZE,DEBIT,,,,,, $(12),,
2/9/2024,SQ *GDS,DEBIT,,,,,, $(65),,
2/9/2024,SQ *GDS,DEBIT,,,,,, $(38),,
2/17/2024,SQ *WORLD TRAVELER COF,DEBIT,,,,,, $(6),,
2/2/2024,STARBUCKS STORE 05499,DEBIT,,,,,, $(19),,
1/5/2024,STARBUCKS STORE 05499,DEBIT,,,,,, $(16),,
1/21/2024,STARBUCKS STORE 06533,DEBIT,,,,,, $(23),,
2/3/2024,STARBUCKS STORE 06724,DEBIT,,,,,, $(15),,
2/12/2024,STARBUCKS STORE 13400,DEBIT,,,,,, $(17),,
1/20/2024,STARBUCKS STORE 48275,DEBIT,,,,,, $(15),,
2/12/2024,TACO BELL #028754,DEBIT,,,,,, $(13),,
1/20/2024,TARGET        00010256,DEBIT,,,,,, $(155),,
2/4/2024,TARGET        00022681,DEBIT,,,,,, $(116),,
1/8/2024,TARGET        00022681,DEBIT,,,,,, $(126),,
2/10/2024,THAI HUT,DEBIT,,,,,, $(62),,
1/8/2024,THE HOME DEPOT 1846,DEBIT,,,,,, $(246),,
1/28/2024,THE UPS STORE 1687,DEBIT,,,,,, $(13),,
2/16/2024,THE UPS STORE 2503,DEBIT,,,,,, $(15),,
2/1/2024,TST* LEATHERBYS FAMILY,DEBIT,,,,,, $(16),,
2/16/2024,TST* MIZUKI SUSHI - CI,DEBIT,,,,,, $(90),,
1/3/2024,TST* MIZUKI SUSHI ELK,DEBIT,,,,,, $(81),,
1/28/2024,TST* RAKU SUSHI - WEST,DEBIT,,,,,, $(78),,
1/31/2024,TST* THE MONKS CELLAR,DEBIT,,,,,, $(22),,
2/18/2024,TST* WEST COAST SOURDO,DEBIT,,,,,, $(26),,
2/12/2024,USPS PO 0515840612,DEBIT,,,,,, $(16),,
1/20/2024,WM SUPERCENTER #3652,DEBIT,,,,,, $(88),,
12/31/2023,LOWES #02755*,DEBIT,,,,,, $(24),,
12/30/2023,ARCO#83425KAMBOJ OIQPS,DEBIT,,,,,, $(44),,
12/30/23,BJS RESTAURANTS 436,DEBIT,,,,,,-19.46,,
12/29/23,CHEVRON 0376769,DEBIT,,,,,,-78.99,,
12/29/23,CHEVRON 0376769,DEBIT,,,,,,-111.69,,
12/29/23,LOWES #02755*,DEBIT,,,,,,-278.03,,
12/29/23,LOWES #02755*,DEBIT,,,,,,-68.07,,
12/29/23,QDI*QUEST DIAGNOSTICS,DEBIT,,,,,,-8.2,,
12/29/23,TST* ZOCALO - ROSEVILL,DEBIT,,,,,,-42.13,,
12/28/23,WALMART.COM,DEBIT,,,,,,-33.76,,
12/26/23,SP PEACH AND LILY,DEBIT,,,,,,-82.05,,
12/23/23,CHEVRON 0376769,DEBIT,,,,,,-79.26,,
12/23/23,FASTENERS INC,DEBIT,,,,,,-383.89,,
12/23/23,NUGGET MARKET #6,DEBIT,,,,,,-93.44,,
12/21/23,INTEREST CHARGE-PURCHASES,DEBIT,,,,,,-91,,
12/21/23,WALMART.COM,DEBIT,,,,,,-139.41,,
12/20/23,TURO INC.* TRIP JAN 20,DEBIT,,,,,,-409.03,,
12/19/23,ONCE UPON A CHLD #2026,DEBIT,,,,,,-95.9,,
12/19/23,Payment Received,CREDIT,,,,,,4000,,
12/19/23,ROSEVILLE GROCERY OU,DEBIT,,,,,,-444.42,,
12/19/23,STARBUCKS STORE 06986,DEBIT,,,,,,-34.27,,
12/19/23,TST* THE MONKS CELLAR,DEBIT,,,,,,-61.63,,
12/18/23,LATE PAYMENT FEE,DEBIT,,,,,,-29,,
12/18/23,TARGET        00015024,DEBIT,,,,,,-167.51,,
12/17/23,ORKIN  LLC 002,DEBIT,,,,,,-53,,
12/17/23,WALMART.COM,DEBIT,,,,,,-73.19,,
12/15/23,CAROLINA'S MEXICAN #5,DEBIT,,,,,,-37.98,,
12/15/23,LOWES #02755*,DEBIT,,,,,,-85.95,,
12/15/23,THE HOME DEPOT 636,DEBIT,,,,,,-588.42,,
12/15/23,Vrbo HAXR9CBX,DEBIT,,,,,,-1559,,
12/15/23,WALMART.COM,DEBIT,,,,,,-33.76,,
12/13/23,CHICK-FIL-A #03441,DEBIT,,,,,,-23.85,,
12/13/23,IN-N-OUTWESTSACRAMENTO,DEBIT,,,,,,-15.32,,
12/12/23,NUGGET MARKET #6,DEBIT,,,,,,-14.48,,
12/12/23,NUGGET MARKET #6,DEBIT,,,,,,-179.05,,
12/09/23,GREEN ACRES  ROCKLIN,DEBIT,,,,,,-62.64,,
12/09/23,ONCE UPON A CHILD,DEBIT,,,,,,-15.09,,
12/09/23,PANERA BREAD #202208 P,DEBIT,,,,,,-51.73,,
12/09/23,POSH BAGEL,DEBIT,,,,,,-9.67,,
12/09/23,ROSS STORES #1200,DEBIT,,,,,,-21.21,,
12/09/23,SQ *CHOCOLATE FISH COF,DEBIT,,,,,,-6.35,,
12/08/23,7-ELEVEN 34671,DEBIT,Automotive,Gas,,,,-54.41,,
12/08/23,CHICK-FIL-A #01731,DEBIT,,,,,,-9.68,,
12/08/23,CHIPOTLE 1953,DEBIT,,,,,,-15.21,,
12/08/23,COCA COLA SACRAMENTO,DEBIT,,,,,,-4.95,,
12/08/23,IN-N-OUT ROSEVILLE,DEBIT,,,,,,-23.81,,
12/08/23,LAKE NATOMA INN,DEBIT,,,,,,-281.28,,
12/08/23,PANDA EXPRESS #849,DEBIT,,,,,,-36.26,,
12/08/23,SEPHORA FOLSOM,DEBIT,,,,,,-98.99,,
12/08/23,SHELL OIL 574430148QPS,DEBIT,,,,,,-79.26,,
12/08/23,STARBUCKS STORE 05499,DEBIT,,,,,,-36.7,,
12/08/23,WHOLEFDS FOL 10447,DEBIT,,,,,,-6.29,,
12/07/23,STARBUCKS STORE 13400,DEBIT,,,,,,-6.95,,
12/07/23,STARBUCKS STORE 13400,DEBIT,,,,,,-36.7,,
12/06/23,SP PORTLAND LEATHER,DEBIT,,,,,,-102.19,,
12/06/23,WAL-MART #3652,DEBIT,,,,,,-17.08,,
12/06/23,WALMART.COM,DEBIT,,,,,,-40.46,,
12/05/23,CHEVRON 0376769,DEBIT,,,,,,-90.37,,
12/05/23,TARGET        00022681,DEBIT,,,,,,-293.79,,
12/02/23,IN-N-OUT NATOMAS 2,DEBIT,,,,,,-29.53,,
12/02/23,LOWES #02755*,DEBIT,,,,,,-51.14,,
12/02/23,LOWES #02755*,DEBIT,,,,,,-202.36,,
12/01/23,DFS Daniel K. Inouye I,DEBIT,,,,,,-23.03,,
12/01/23,SHACK 4 GATE 29 HNL,DEBIT,,,,,,-12.13,,
12/01/23,STARBUCKS G27 HNL,DEBIT,,,,,,-36.23,,
11/30/23,ANNUAL FEE,DEBIT,Fee,Annual,,,,-89,,
11/28/23,UH WAIKIKI AQUA GIFT S,DEBIT,,,,,,-33.1,,
11/27/23,PANDA EXPRESS 508,DEBIT,,,,,,-38,,
11/27/23,STARBUCKS STORE 20315,DEBIT,,,,,,-14.97,,
11/26/23,AIM LIKELIKE 031517QPS,DEBIT,,,,,,-80.64,,
11/26/23,BEE & TEA,DEBIT,,,,,,-5.97,,
11/22/23,FLAVORS OF THE WORLD,DEBIT,,,,,,-44.6,,
11/22/23,SQ *HAWAIIAN GIFTS (AL,DEBIT,,,,,,-40.84,,
11/21/23,7-ELEVEN #54275,DEBIT,Automotive,Gas,,,,-24.65,,
11/21/23,DOUBLE THREE,DEBIT,,,,,,-12.15,,
11/21/23,NICOS KAILUA,DEBIT,,,,,,-141,,
11/21/23,WHOLEFDS KAO #10368,DEBIT,,,,,,-109.62,,
11/20/23,18 ZIPPYS KAILUA,DEBIT,,,,,,-75,,
11/20/23,SSA HONOLULU ZOO,DEBIT,,,,,,-9.37,,
11/20/23,SSA HONOLULU ZOO,DEBIT,,,,,,-52.2,,
11/19/23,VALLEY OF TEMPLES_RET,DEBIT,,,,,,-41.87,,
11/17/23,ORKIN  LLC 002,DEBIT,,,,,,-53,,
11/16/23,FAMILY TREE MID WIFERY,DEBIT,,,,,,-2400,,
11/15/23,TARGET        00026971,DEBIT,,,,,,-44.66,,
11/15/23,TARGET        00026971,DEBIT,,,,,,-236.41,,
11/15/23,WHOLEFDS KAO #10368,DEBIT,,,,,,-28.76,,
11/14/23,0423 SMF GOOD DAY SAC,DEBIT,,,,,,-40.27,,
11/14/23,HAWAIIAN  1734203167022,DEBIT,,,,,,-30,,
11/14/23,HAWAIIAN  1734203167023,DEBIT,,,,,,-30,,
11/14/23,SMF FARMFORKSKY,DEBIT,,,,,,-45.93,,
11/13/23,CHICK-FIL-A #03730,DEBIT,,,,,,-29.16,,
11/13/23,ROSS STORES #1879,DEBIT,,,,,,-25,,
11/13/23,TARGET        00022681,DEBIT,,,,,,-68.29,,
11/11/23,NUGGET MARKET #6,DEBIT,,,,,,-120.38,,
11/10/23,CHEVRON 0376769,DEBIT,,,,,,-89.51,,
11/10/23,SQ *BABY VIEW 2 YOU,DEBIT,,,,,,-265,,
11/09/23,FRANKLIN RANCH PET HOS,DEBIT,,,,,,-154.5,,
11/09/23,PANDA EXPRESS #849,DEBIT,,,,,,-38,,
11/08/23,ADALBERTO'S MEXICAN FO,DEBIT,Food,Fast Food,Adalberto,,,-12.5,,
11/08/23,MCDONALD'S F32561,DEBIT,,,,,,-7.13,,
11/08/23,ROSEVILLE KIDS DENTIST,DEBIT,,,,,,-32.1,,
11/07/23,ORANGEVALE GROCERY O,DEBIT,,,,,,-283.46,,
11/07/23,ROMANS PIZZA,DEBIT,,,,,,-75.98,,
11/07/23,STARBUCKS STORE 06986,DEBIT,,,,,,-14.15,,
11/07/23,WALMART.COM,CREDIT,,,,,,117.96,,
11/04/23,BIOMECHANIC CHIROPRACT,DEBIT,,,,,,-4127,,
11/04/23,SHELL OIL 574432235QPS,DEBIT,,,,,,-61.65,,
11/04/23,TST* Garden of Eatn -,DEBIT,,,,,,-10.02,,
11/03/23,IN N OUT BURGER 132,DEBIT,,,,,,-31.95,,
11/02/23,NUGGET MARKET #6,DEBIT,,,,,,-90.78,,
11/02/23,STARBUCKS STORE 06986,DEBIT,,,,,,-31.4,,
11/02/23,TARGET        00022681,DEBIT,,,,,,-226.92,,
11/01/23,Payment Received,CREDIT,,,,,,2585.69,,
10/31/23,ROMANS PIZZA,DEBIT,,,,,,-89.64,,
10/31/23,WALMART.COM,DEBIT,,,,,,-287.42,,
10/29/23,CHEVRON 0376769,DEBIT,,,,,,-80,,
10/28/23,NUGGET MARKET #6,DEBIT,,,,,,-134.2,,
10/26/23,KFC/AW #213,DEBIT,,,,,,-17.8,,
10/25/23,MANCHURIAN INDIANCUISI,DEBIT,,,,,,-67.59,,
10/25/23,SQ *FALLING PRICES SUN,DEBIT,,,,,,-95.7,,
10/25/23,THE HOME DEPOT #1846,DEBIT,,,,,,-164.67,,
10/24/23,TARGET        00010256,DEBIT,,,,,,-92.52,,
10/24/23,WAL-MART #5848,DEBIT,,,,,,-99.07,,
10/23/23,TST* Mizuki Sushi Elk,DEBIT,,,,,,-83.01,,
10/20/23,CHEVRON 0376769,DEBIT,,,,,,-72.56,,
10/20/23,INTEREST CHARGE-PURCHASES,DEBIT,,,,,,-14.18,,
10/20/23,NUGGET MARKET #6,DEBIT,,,,,,-14.32,,
10/20/23,ONCE UPON A CHLD #2026,DEBIT,,,,,,-15.62,,
10/20/23,PAPA MURPHY'S CA227,DEBIT,,,,,,-36.98,,
10/20/23,SQ *FALLING PRICES CIT,DEBIT,,,,,,-30.17,,
10/20/23,STARBUCKS STORE 13400,DEBIT,,,,,,-13.65,,
10/19/23,CARLS JR 1100184,DEBIT,,,,,,-25.3,,
10/19/23,ROSEVILLE GROCERY OU,DEBIT,,,,,,-227.64,,
10/19/23,SP EQUINOX BOTANICAL,DEBIT,,,,,,-67.49,,
10/18/23,CAROLINA'S MEXICAN #5,DEBIT,,,,,,-13.2,,
10/18/23,TORRID #5372,DEBIT,,,,,,-22,,
10/17/23,CHEVRON 0376769,DEBIT,,,,,,-91.43,,
10/17/23,CHICK-FIL-A #03653,DEBIT,,,,,,-31.61,,
10/17/23,ORKIN  LLC 002,DEBIT,,,,,,-53,,
10/17/23,STARBUCKS STORE 13400,DEBIT,,,,,,-29.4,,
10/17/23,YesStyle,DEBIT,,,,,,-52.11,,
10/16/23,CHEVRON 0376769,DEBIT,,,,,,-116.05,,
10/15/23,CHEVRON 0373255,DEBIT,,,,,,-15.98,,
10/15/23,IN N OUT BURGER 137,DEBIT,,,,,,-29.82,,
10/15/23,SPEEDWAY 04063 1233 HI,DEBIT,,,,,,-95.75,,
10/13/23,ARBYS 6166,DEBIT,Food,Fast Food,Arbys,,,-44.99,,
10/13/23,EUREKA WAY CHEVRON,DEBIT,,,,,,-94.98,,
10/13/23,PILOT 879,DEBIT,,,,,,-29.92,,
10/13/23,PILOT 879,DEBIT,,,,,,-100,,
10/12/23,SHARKEYS CUTS FOR KIDS,DEBIT,,,,,,-77.67,,
10/11/23,CHEVRON 0376769,DEBIT,,,,,,-75.35,,
10/11/23,RALEY S #421,DEBIT,,,,,,-198.15,,
10/11/23,STARBUCKS STORE 06986,DEBIT,,,,,,-12.2,,
10/11/23,TJMAXX #0166,DEBIT,,,,,,-21.55,,
10/09/23,Payment Received,CREDIT,,,,,,3243.35,,
10/08/23,NUGGET MARKET #6,DEBIT,,,,,,-28.06,,
10/07/23,LITTLE CAESARS 3461-00,DEBIT,,,,,,-24.1,,
10/06/23,CHEVRON 0376769,DEBIT,,,,,,-40.76,,
10/06/23,STARBUCKS STORE 05499,DEBIT,,,,,,-31.6,,
10/05/23,KFC/AW #213,DEBIT,,,,,,-17.38,,
10/05/23,WWW.TORRID.COM,DEBIT,,,,,,-39.84,,
10/04/23,BURGER KING #17484 Q07,DEBIT,,,,,,-19,,
10/04/23,TARGET        00022681,DEBIT,,,,,,-98.67,,
10/03/23,CHEVRON 0376769,DEBIT,,,,,,-108.94,,
10/02/23,MIABELLA GELATO,DEBIT,,,,,,-4.75,,
10/02/23,MIKUNI FOUNTAINS,DEBIT,,,,,,-52.12,,
10/02/23,WEST SACRAMENTO GROC,DEBIT,,,,,,-383.12,,
10/01/23,CHIPOTLE 0275,DEBIT,,,,,,-14.24,,
10/01/23,SACRAMENTO 6 DRIVE-IN,DEBIT,,,,,,-15.75,,
10/01/23,WEST WIND DRIVE-INS,DEBIT,,,,,,-10.25,,
09/30/23,CARLS JR 1100011,DEBIT,,,,,,-5.39,,
09/30/23,Payment Received,CREDIT,,,,,,4000,,
09/29/23,BISHOPS PUMPKIN FARM,DEBIT,,,,,,-46.19,,
09/29/23,BISHOPS PUMPKIN FARM,DEBIT,,,,,,-7.48,,
09/28/23,KFC/AW #213,DEBIT,,,,,,-17.58,,
09/28/23,QUICKQUACK* #0701 WASH,DEBIT,,,,,,-11.99,,
09/28/23,STARBUCKS STORE 13400,DEBIT,,,,,,-28.8,,
09/27/23,DEL LOMA RV PARK AND C,DEBIT,,,,,,-179.04,,
09/27/23,NUGGET MARKET #6,DEBIT,,,,,,-174.79,,
09/26/23,MCDONALD'S F26345,DEBIT,,,,,,-22.69,,
09/26/23,SHELL OIL 574430157QPS,DEBIT,,,,,,-108.72,,
09/24/23,O'REILLY 5820,DEBIT,,,,,,-59.49,,
09/24/23,PAPA MURPHY'S CA227,DEBIT,,,,,,-48.97,,
09/24/23,TARGET        00022681,DEBIT,,,,,,-207.22,,
09/23/23,CHEVRON 0376769,DEBIT,,,,,,-75.45,,
09/23/23,IN N OUT BURGER 109,DEBIT,,,,,,-8.9,,
09/23/23,NUGGET MARKET #6,DEBIT,,,,,,-61.11,,
09/23/23,SQ *AIR SHOW NETWORK,DEBIT,,,,,,-46.33,,
09/23/23,SQ *AIR SHOW NETWORK,DEBIT,,,,,,-4.31,,
09/22/23,EASTSIDE CHEF RESTAURA,DEBIT,,,,,,-68.2,,
09/22/23,NUGGET MARKET #6,DEBIT,,,,,,-36.05,,
09/21/23,INTEREST CHARGE-PURCHASES,DEBIT,,,,,,-29.19,,
09/21/23,STARBUCKS STORE 14059,DEBIT,,,,,,-22.25,,
09/19/23,HAWAIIAN  1732302791441,DEBIT,,,,,,-11.2,,
09/19/23,HAWAIIAN  1732302791442,DEBIT,,,,,,-11.2,,
09/19/23,HAWAIIAN  1732302791494,DEBIT,,,,,,-456,,
09/19/23,HAWAIIAN  1732302791495,DEBIT,,,,,,-456,,
09/18/23,COMPASSION INTERNATION,DEBIT,,,,,,-43,,
09/17/23,RALEY S #448,DEBIT,,,,,,-43.1,,
09/17/23,WEST SACRAMENTO GROC,DEBIT,,,,,,-146.68,,
09/16/23,ORKIN  LLC 002,DEBIT,,,,,,-53,,
09/15/23,CHEVRON 0210982,DEBIT,,,,,,-100.93,,
09/15/23,NUGGET MARKET #6,DEBIT,,,,,,-114.04,,
09/15/23,STARBUCKS STORE 05499,DEBIT,,,,,,-23.1,,
09/14/23,CHICK-FIL-A #03441,DEBIT,,,,,,-26.92,,
09/13/23,SeaQuest Folsom,DEBIT,,,,,,-20,,
09/13/23,STARBUCKS STORE 20274,DEBIT,,,,,,-12.7,,
09/13/23,STICHIC,DEBIT,,,,,,-26.92,,
09/12/23,CAFE BERNARDO PAVILION,DEBIT,,,,,,-82.4,,
09/12/23,NUGGET MARKET #6,DEBIT,,,,,,-68.75,,
09/10/23,TST* Mizuki Sushi Elk,DEBIT,,,,,,-71.22,,
09/09/23,"PERFECT SUPPLEMENTS, L",DEBIT,,,,,,-101.52,,
09/08/23,NUGGET MARKET #6,DEBIT,,,,,,-145.38,,
09/08/23,NUGGET MARKET #6,DEBIT,,,,,,-40.51,,
09/08/23,STARBUCKS STORE 05499,DEBIT,,,,,,-23.95,,
09/06/23,BURGER KING #17484 Q07,DEBIT,,,,,,-25.82,,
09/06/23,SDH-CAFE' CAF,DEBIT,,,,,,-7.03,,
09/05/23,PAPA MURPHY'S CA227,DEBIT,,,,,,-15.99,,
09/05/23,TARGET        00022681,DEBIT,,,,,,-250.63,,
09/02/23,CHEVRON 0376769,DEBIT,,,,,,-54.31,,
09/02/23,NUGGET MARKET #6,DEBIT,,,,,,-160.68,,
09/01/23,76 - DAVIS 76,DEBIT,,,,,,-90.52,,
09/01/23,BURGER KING #17484 Q07,DEBIT,,,,,,-22.26,,
09/01/23,TST* Mizuki Sushi Elk,DEBIT,,,,,,-70.41,,
08/31/23,STARBUCKS STORE 10349,DEBIT,,,,,,-12.25,,
08/30/23,PANDA EXPRESS #849,DEBIT,,,,,,-41.73,,
08/30/23,STARBUCKS STORE 13400,DEBIT,,,,,,-31.6,,
08/28/23,CRUMBL* WESTSACRAMENTO,DEBIT,,,,,,-14.98,,
08/26/23,HALFPRICEBOOKS-122,DEBIT,,,,,,-23.08,,
08/26/23,PANERA BREAD #202208 P,DEBIT,,,,,,-18.14,,
08/25/23,7-ELEVEN 34671,DEBIT,Automotive,Gas,,,,-75.25,,
08/25/23,ROSEVILLE GROCERY OU,DEBIT,,,,,,-599.93,,
08/25/23,STARBUCKS STORE 05499,DEBIT,,,,,,-35.8,,
08/24/23,NUGGET MARKET #6,DEBIT,,,,,,-101.81,,
08/24/23,Payment Received,CREDIT,,,,,,5223.82,,
08/24/23,ROMANS PIZZA,DEBIT,,,,,,-51.68,,
08/21/23,CRAZY GOOD BAKER & CAF,DEBIT,,,,,,-33.06,,
08/21/23,INTEREST CHARGE-PURCHASES,DEBIT,,,,,,-45.19,,
08/20/23,SAFEWAY #1824,DEBIT,,,,,,-33.25,,
08/20/23,SAFEWAY #1824,DEBIT,,,,,,-3.55,,
08/20/23,SP TOYS AND TREASURE,DEBIT,,,,,,-25.51,,
08/20/23,THE GIFTING TREE,DEBIT,,,,,,-14.13,,
08/20/23,VILLAGE TOYS,DEBIT,,,,,,-16.26,,
08/19/23,RALEY S #127,DEBIT,,,,,,-26.1,,
08/18/23,IN N OUT BURGER 139,DEBIT,,,,,,-44.6,,
08/17/23,ORKIN  LLC 002,DEBIT,,,,,,-53,,
08/15/23,ROSEVILLE GROCERY OU,DEBIT,,,,,,-299.65,,
08/15/23,SQ *FALLING PRICES CIT,DEBIT,,,,,,-129.3,,
08/14/23,CHEVRON 0376769,DEBIT,,,,,,-91.41,,
08/14/23,ROMANS PIZZA,DEBIT,,,,,,-32.45,,
08/13/23,CHEVRON 0376769,DEBIT,,,,,,-100,,
08/13/23,TARGET        00022681,DEBIT,,,,,,-140.11,,
08/11/23,BAKER BENS DONUTS,DEBIT,,,,,,-24.36,,
08/11/23,SQ *KOJA KITCHEN SAC T,DEBIT,,,,,,-33.17,,
08/10/23,CHEVRON 0207436,DEBIT,,,,,,-6.05,,
08/10/23,CHEVRON 0207436,DEBIT,,,,,,-100,,
08/10/23,TACO BELL 26783,DEBIT,,,,,,-14.42,,
08/09/23,SQ *FALLING PRICES SUN,DEBIT,,,,,,-91.35,,
08/09/23,STARBUCKS STORE 14829,DEBIT,,,,,,-9.4,,
08/08/23,CHEVRON 0207436,DEBIT,,,,,,-55.06,,
08/08/23,CSC SERVICEWORK,DEBIT,,,,,,-2,,
08/08/23,CSC SERVICEWORK,DEBIT,,,,,,-2,,
08/07/23,ROUND TABLE PIZZA 916,DEBIT,,,,,,-37.88,,
08/07/23,ROUND TABLE PIZZA 916,DEBIT,,,,,,-32.44,,
08/07/23,TARGET        00022681,DEBIT,,,,,,-141.03,,
08/05/23,CHEVRON 0207436,DEBIT,,,,,,-75.59,,
08/05/23,TST* Mizuki Sushi Elk,DEBIT,,,,,,-82.58,,
08/04/23,NUGGET MARKET #6,DEBIT,,,,,,-25.99,,
08/02/23,LOWES #02755*,CREDIT,,,,,,91.99,,
08/02/23,NUGGET MARKET #6,DEBIT,,,,,,-121.04,,
08/02/23,SQ *CIP,DEBIT,,,,,,-18.76,,
08/02/23,THE HOME DEPOT 1846,CREDIT,,,,,,312.84,,
08/01/23,PAPERPIE,DEBIT,,,,,,-94.29,,
07/31/23,CHICK-FIL-A #03664,DEBIT,,,,,,-65.98,,
07/31/23,DELTA FOOD & FUEL,DEBIT,,,,,,-50.69,,
07/31/23,DELTA FOOD & FUEL,DEBIT,,,,,,-8.75,,
07/29/23,YesStyle,DEBIT,,,,,,-54.68,,
07/28/23,CITRUS HEIGHTS GROCE,DEBIT,,,,,,-237.11,,
07/28/23,SP BUILDSKINCARECAN,DEBIT,,,,,,-48.55,,
07/28/23,STARBUCKS STORE 17861,DEBIT,,,,,,-17.9,,
07/28/23,THAI HUT,DEBIT,,,,,,-85.88,,
07/27/23,RALEY S #448,DEBIT,,,,,,-86.32,,
07/27/23,STARBUCKS STORE 13400,DEBIT,,,,,,-31.85,,
07/27/23,TACO BELL #028754,DEBIT,,,,,,-14.48,,
07/27/23,TARGET        00022681,DEBIT,,,,,,-149.41,,
07/26/23,BJS RESTAURANTS 508,DEBIT,,,,,,-11.74,,
07/26/23,THE GOOD AND THE BEAUT,DEBIT,,,,,,-42.51,,
07/26/23,UNCLE HARRY'S NATURAL,DEBIT,,,,,,-27.95,,
07/25/23,CHEVRON 0376769,DEBIT,,,,,,-65.93,,
07/24/23,NUGGET MARKET #6,DEBIT,,,,,,-91.31,,
07/23/23,Payment Received,CREDIT,,,,,,3842,,
07/22/23,CHEVRON 0376769,DEBIT,,,,,,-57.32,,
07/21/23,IN N OUT BURGER 225,DEBIT,,,,,,-24.25,,
07/21/23,INTEREST CHARGE-PURCHASES,DEBIT,,,,,,-50.32,,
07/21/23,NUGGET MARKET #6,DEBIT,,,,,,-54.5,,
07/21/23,WALMART.COM,DEBIT,,,,,,-37.45,,
07/20/23,NUGGET MARKET #6,DEBIT,,,,,,-145.78,,
07/19/23,STARBUCKS STORE 48275,DEBIT,,,,,,-5.25,,
07/19/23,WM SUPERCENTER #2464,DEBIT,,,,,,-305.33,,
07/18/23,CHEVRON 0376769,DEBIT,,,,,,-87.22,,
07/18/23,CHEVRON 0376769,DEBIT,,,,,,-90.62,,
07/18/23,LOWES #02755*,DEBIT,,,,,,-43.8,,
07/18/23,STARBUCKS STORE 02907,DEBIT,,,,,,-29.4,,
07/17/23,ORKIN  LLC 002,DEBIT,,,,,,-52.96,,
07/15/23,LOWES #02755*,DEBIT,,,,,,-316.09,,
07/15/23,LOWES #02755*,DEBIT,,,,,,-38.93,,
07/15/23,PAPA MURPHY'S CA227,DEBIT,,,,,,-33.98,,
07/13/23,IN N OUT BURGER 217,DEBIT,,,,,,-21.82,,
07/12/23,SQ *HONEYBEE KIDS  SAL,DEBIT,,,,,,-27.99,,
07/12/23,STARBUCKS STORE 06986,DEBIT,,,,,,-5.95,,
07/12/23,TARGET        00022681,DEBIT,,,,,,-28.14,,
07/12/23,TST* The Alley - Elk G,DEBIT,,,,,,-44.18,,
07/12/23,TST* The Alley - Elk G,DEBIT,,,,,,-38,,
07/11/23,TSUKI SUSHI,DEBIT,,,,,,-100,,
07/09/23,NUGGET MARKET #6,DEBIT,,,,,,-137.54,,
07/08/23,BIOMECHANIC CHIROPRACT,DEBIT,,,,,,-40,,
07/07/23,ARCO#83425KAMBOJ OIQPS,DEBIT,,,,,,-50,,
07/07/23,CAROLINA'S MEXICAN #5,DEBIT,,,,,,-13.2,,
07/07/23,CVS/PHARMACY #07136,DEBIT,,,,,,-28.14,,
07/07/23,RALEY S #448,DEBIT,,,,,,-62.39,,
07/06/23,NUGGET MARKET #6,DEBIT,,,,,,-132.52,,
07/06/23,NUGGET MARKET #6,DEBIT,,,,,,-107.67,,
07/06/23,TACO BELL #028754,DEBIT,,,,,,-14.48,,
07/02/23,STARBUCKS STORE 00568,DEBIT,,,,,,-11.1,,
07/01/23,ROMANS PIZZA,DEBIT,,,,,,-60.58,,
06/30/23,CHIPOTLE 0926,DEBIT,,,,,,-11.39,,
06/30/23,SMOG N GO,DEBIT,,,,,,-69.75,,
06/30/23,SQ *FALLING PRICES CIT,DEBIT,,,,,,-57.11,,
06/30/23,THE HOME DEPOT 1846,DEBIT,,,,,,-312.84,,
06/29/23,LE CROISSANT FACTORY,DEBIT,,,,,,-9.2,,
06/29/23,SACRAMENTO POCKET GR,DEBIT,,,,,,-304.33,,
06/29/23,TARGET        00022681,DEBIT,,,,,,-96.35,,
06/28/23,Payment Received,CREDIT,,,,,,2000,,
06/27/23,FRANKLIN RANCH PET HOS,DEBIT,,,,,,-176.5,,
06/26/23,WWW.MUMABLUE.COM,DEBIT,,,,,,-40.86,,
06/24/23,NUGGET MARKET #6,DEBIT,,,,,,-51.13,,
06/23/23,QUICKQUACK* #0701 WASH,DEBIT,,,,,,-11.99,,
06/23/23,RALEY S #448,DEBIT,,,,,,-89.23,,
06/22/23,STARBUCKS STORE 02907,DEBIT,,,,,,-17.25,,
06/22/23,THAI HUT,DEBIT,,,,,,-101.99,,
06/21/23,INTEREST CHARGE-PURCHASES,DEBIT,,,,,,-37.32,,
06/21/23,"THE FIG TREE COFFEE, A",DEBIT,,,,,,-11.25,,
06/21/23,TST* The Monks Cellar,DEBIT,,,,,,-26.72,,
06/19/23,ORKIN  LLC 002,DEBIT,,,,,,-330.99,,
06/19/23,TST* Mizuki Sushi Elk,DEBIT,,,,,,-107.68,,
06/18/23,NUGGET MARKET #6,DEBIT,,,,,,-54.32,,
06/16/23,CHEVRON 0376769,DEBIT,,,,,,-91.81,,
06/16/23,ROSEVILLE GROCERY OU,DEBIT,,,,,,-375.91,,
06/15/23,CHEVRON 0207436,DEBIT,,,,,,-14.01,,
06/15/23,CHEVRON 0207436,DEBIT,,,,,,-20.61,,
06/14/23,FOLSOM LAKE STATE RECR,DEBIT,,,,,,-12,,
06/14/23,PANDA EXPRESS #849,DEBIT,,,,,,-45.25,,
06/12/23,CHEVRON 0376769,DEBIT,,,,,,-67.13,,
06/11/23,TACO BELL 041359,DEBIT,,,,,,-47,,
06/09/23,NUGGET MARKET #6,DEBIT,,,,,,-48.83,,
06/09/23,SEASONS 52 0074534,DEBIT,,,,,,-12.62,,
06/09/23,SQ *LAWSON'S LANDING I,DEBIT,,,,,,-35.97,,
06/08/23,SEPHORA ARDEN FAIR,DEBIT,,,,,,-39.15,,
06/07/23,SQ *FALLING PRICES CIT,DEBIT,,,,,,-42.09,,
06/06/23,AMERICAS TIRE CAN 39,DEBIT,,,,,,-287.7,,
06/06/23,WM SUPERCENTER #3652,DEBIT,,,,,,-424.38,,
06/05/23,CHEVRON 0356696,DEBIT,,,,,,-71.18,,
06/04/23,NUGGET MARKET #6,DEBIT,,,,,,-27.07,,
06/03/23,ROMANS PIZZA,DEBIT,,,,,,-80.81,,
06/02/23,DOLLAR TREE,DEBIT,,,,,,-56.77,,
06/02/23,NUGGET MARKET #6,DEBIT,,,,,,-66.27,,
06/02/23,SEPHORA ROSEVILLE,DEBIT,,,,,,-113.12,,
06/02/23,SMART AND FINAL 729,DEBIT,,,,,,-88.72,,
06/02/23,SQ *SUITE 207,DEBIT,,,,,,-114,,
06/02/23,STARBUCKS STORE 07929,DEBIT,,,,,,-20,,
06/01/23,BEVERAGES & MORE #112,DEBIT,,,,,,-146.02,,
06/01/23,CHEVRON 0307708,DEBIT,,,,,,-25.33,,
05/30/23,GREEN ACRES  ELK GROVE,DEBIT,,,,,,-79.45,,
05/30/23,RALEY S #302,DEBIT,,,,,,-49.34,,
05/30/23,THE UPS STORE 7570,DEBIT,,,,,,-148.04,,
05/28/23,CHEVRON 0376769,DEBIT,,,,,,-109.24,,
05/27/23,BIOMECHANIC CHIROPRACT,DEBIT,,,,,,-40,,
05/27/23,CAFE LATTE COMPANY,DEBIT,,,,,,-5.25,,
05/27/23,CAFE LATTE COMPANY,DEBIT,,,,,,-4.75,,
05/26/23,ROSEVILLE GROCERY OU,DEBIT,,,,,,-811.09,,
05/25/23,CHEVRON 0207436,DEBIT,,,,,,-72.38,,
05/25/23,IN N OUT BURGER 217,DEBIT,,,,,,-27.69,,
05/25/23,NUGGET MARKET #6,DEBIT,,,,,,-78.22,,
05/25/23,Payment Received,CREDIT,,,,,,4000,,
05/25/23,TACO BELL 26783,DEBIT,,,,,,-18.27,,
05/25/23,TARGET        00022681,DEBIT,,,,,,-54.65,,
05/24/23,IN N OUT BURGER 217,DEBIT,,,,,,-27.58,,
05/24/23,NUGGET MARKET #6,DEBIT,,,,,,-76.67,,
05/24/23,ROSEVILLE KIDS DENTIST,DEBIT,,,,,,-72.25,,
05/22/23,TST* Aloha Sushi,DEBIT,,,,,,-36.77,,
05/21/23,INTEREST CHARGE-PURCHASES,DEBIT,,,,,,-53.77,,
05/20/23,NUGGET MARKET #6,DEBIT,,,,,,-20.19,,
05/19/23,CHEVRON 0206532,DEBIT,,,,,,-26.24,,
05/19/23,NUGGET MARKET #6,DEBIT,,,,,,-117.46,,
05/19/23,PAPA MURPHY'S CA227,DEBIT,,,,,,-20.99,,
05/17/23,ROWDY RANDYS GAS,DEBIT,,,,,,-26.97,,
05/17/23,ROWDY RANDYS GAS,DEBIT,,,,,,-30,,
05/17/23,ROWDY RANDYS GAS,DEBIT,,,,,,-97.58,,
05/17/23,SAFEWAY #3122,DEBIT,,,,,,-240.77,,
05/16/23,TARGET        00003103,DEBIT,,,,,,-71.71,,
05/16/23,TST* Selland Family Gr,DEBIT,,,,,,-28.78,,
05/13/23,GREEN ACRES  ELK GROVE,DEBIT,,,,,,-284.79,,
05/13/23,TST* India Oven - Rose,DEBIT,,,,,,-40,,
05/12/23,CHICK-FIL-A #03441,DEBIT,,,,,,-9.2,,
05/12/23,KFC/AW #258,DEBIT,,,,,,-11.89,,
05/12/23,LOWES #02755*,DEBIT,,,,,,-169.76,,
05/12/23,NUGGET MARKET #6,DEBIT,,,,,,-80.39,,
05/12/23,RALEY S #448,DEBIT,,,,,,-58.27,,
05/11/23,FAIRYTALE TOWN,DEBIT,,,,,,-28,,
05/11/23,NUGGET MARKET #6,DEBIT,,,,,,-93.79,,
05/11/23,Payment Received,CREDIT,,,,,,4000,,
05/10/23,ARCO#83821TAKHAR WEQPS,DEBIT,,,,,,-69.73,,
05/10/23,BARNES & NOBLE #2031,DEBIT,,,,,,-5.01,,
05/10/23,MIKUNI FOUNTAINS,DEBIT,,,,,,-57.77,,
05/09/23,Payment Received,CREDIT,,,,,,78.56,,
05/09/23,RECREATION.GOV,DEBIT,,,,,,-20,,
05/09/23,SP SOIL ORGANIC,DEBIT,,,,,,-31.76,,
05/07/23,RALEY S #448,DEBIT,,,,,,-117.89,,
05/05/23,NUGGET MARKET #6,DEBIT,,,,,,-135.75,,
04/30/23,CHEVRON 0376769,DEBIT,,,,,,-91.57,,
04/30/23,FIVE GUYS 1559 QSR,DEBIT,,,,,,-51.25,,
04/30/23,WAL-MART #3652,DEBIT,,,,,,-50.1,,
04/29/23,ROMANS PIZZA,DEBIT,,,,,,-69.75,,
04/27/23,CHEVRON 0207436,DEBIT,,,,,,-83.25,,
04/26/23,NUGGET MARKET #6,DEBIT,,,,,,-101.72,,
04/26/23,ROSS STORES #283,DEBIT,,,,,,-82.62,,
04/26/23,TST* MIZUKI SUSHI ELK,DEBIT,,,,,,-89.52,,
04/21/23,BIOMECHANIC CHIROPRACT,DEBIT,,,,,,-2038,,
04/21/23,IN N OUT BURGER 132,DEBIT,,,,,,-32.33,,
04/21/23,INTEREST CHARGE-PURCHASES,DEBIT,,,,,,-33.76,,
04/21/23,NUGGET MARKET #6,DEBIT,,,,,,-86.08,,
04/21/23,SHELL OIL 574430148QPS,DEBIT,,,,,,-87.25,,
04/20/23,CHEVRON 0307708,DEBIT,,,,,,-67.09,,
04/20/23,FUNDERLAND,DEBIT,,,,,,-15.23,,
04/20/23,NUGGET MARKET #6,DEBIT,,,,,,-91.97,,
04/20/23,SQ *MAYA,DEBIT,,,,,,-30,,
04/19/23,BEL AIR #514,DEBIT,,,,,,-58.66,,
04/19/23,FALLING PRICES ELK GRO,DEBIT,,,,,,-69.6,,
04/19/23,SACRAMENTO POCKET GR,DEBIT,,,,,,-501.66,,
04/17/23,NUGGET MARKET #6,DEBIT,,,,,,-43.73,,
04/15/23,BIOMECHANIC CHIROPRACT,DEBIT,,,,,,-60,,
04/15/23,GREENHOUSE,DEBIT,,,,,,-8.75,,
04/15/23,SQ *THE DISCOUNT STORE,DEBIT,,,,,,-149.99,,
04/15/23,THE HOME DEPOT #1846,DEBIT,,,,,,-108.77,,
04/14/23,SQ *FALLING PRICES CIT,DEBIT,,,,,,-36.64,,
04/11/23,CHEVRON 0207436,DEBIT,,,,,,-42.74,,
04/11/23,NUGGET MARKET #6,DEBIT,,,,,,-111.19,,
04/10/23,FP *MYPILLOW INC - INT,DEBIT,,,,,,-94.38,,
04/09/23,7-ELEVEN 34492,DEBIT,Automotive,Gas,,,,-45.35,,
04/08/23,BIOMECHANIC CHIROPRACT,DEBIT,,,,,,-40,,
04/07/23,BIOMECHANIC CHIROPRACT,DEBIT,,,,,,-150,,
04/06/23,INTUIT *TURBOTAX,DEBIT,,,,,,-130,,
04/05/23,NUGGET MARKET #6,DEBIT,,,,,,-188.46,,
04/05/23,SQ *FALLING PRICES CIT,DEBIT,,,,,,-116.37,,
04/04/23,CHEVRON 0376769,DEBIT,,,,,,-82.18,,
03/31/23,BIOMECHANIC CHIROPRACT,DEBIT,,,,,,-33,,
03/31/23,CARLS JR 1100562,DEBIT,,,,,,-37.26,,
03/31/23,Payment Received,CREDIT,,,,,,4000,,
03/31/23,SQ *FALLING PRICES CIT,DEBIT,,,,,,-42.02,,
03/31/23,THAI HUT,DEBIT,,,,,,-165.75,,
03/29/23,FP *MYPILLOW INC - INT,DEBIT,,,,,,-109.4,,
03/29/23,NUGGET MARKET #6,DEBIT,,,,,,-62.12,,
03/29/23,"PERFECT SUPPLEMENTS, L",DEBIT,,,,,,-80.65,,
03/26/23,ROSS STORES #2071,DEBIT,,,,,,-57.09,,
03/26/23,TST* Blue Nami - Orang,DEBIT,,,,,,-44.33,,
03/25/23,NUGGET MARKET #6,DEBIT,,,,,,-21.07,,
03/25/23,ROSEVILLE GROCERY OU,DEBIT,,,,,,-408.21,,
03/25/23,STARBUCKS STORE 07929,DEBIT,,,,,,-6.4,,
03/22/23,DOLLAR TREE,DEBIT,,,,,,-37.99,,
03/22/23,JOHNKART USA LLC,DEBIT,,,,,,-35.24,,
03/22/23,THAI HUT,DEBIT,,,,,,-70.31,,
03/21/23,CHEVRON 0376769,DEBIT,,,,,,-94.36,,
03/21/23,INTEREST CHARGE-PURCHASES,DEBIT,,,,,,-55.93,,
03/21/23,NUGGET MARKET #6,DEBIT,,,,,,-34.15,,
03/19/23,Payment Received,CREDIT,,,,,,3842.51,,
03/18/23,Payment Received,CREDIT,,,,,,48.83,,
03/18/23,THE HOME DEPOT #6674,DEBIT,,,,,,-145.92,,
03/16/23,CHICK-FIL-A #03441,DEBIT,,,,,,-47.94,,
03/16/23,PANERA BREAD #202221 P,DEBIT,,,,,,-16.51,,
03/15/23,DOLLAR TREE,DEBIT,,,,,,-48.61,,
03/15/23,THE GOOD AND THE BEAUT,DEBIT,,,,,,-152.21,,
03/13/23,BJS RESTAURANTS 508,DEBIT,,,,,,-45.82,,
03/13/23,WELLEVATE.* WELLEVATE,DEBIT,,,,,,-33.84,,
03/12/23,CHEVRON 0376769,DEBIT,,,,,,-97.31,,
03/10/23,BIDRL CITRUS HEIGHTS,DEBIT,,,,,,-20,,
03/10/23,BIOMECHANIC CHIROPRACT,DEBIT,,,,,,-40,,
03/10/23,CHEVRON 0376769,DEBIT,,,,,,-87.44,,
03/10/23,SQ *FALLING PRICES CIT,DEBIT,,,,,,-26.94,,
03/09/23,CHEVRON 0376769,DEBIT,,,,,,-100,,
03/09/23,FLORIN NAIL SPA,DEBIT,,,,,,-52,,
03/09/23,NUGGET MARKET #5,DEBIT,,,,,,-146.5,,
03/09/23,TACO BELL 26783,DEBIT,,,,,,-12.25,,
03/05/23,LOWES #01207*,DEBIT,,,,,,-644.78,,
03/05/23,YesStyle,DEBIT,,,,,,-94.7,,
03/04/23,ROMANS PIZZA,DEBIT,,,,,,-109.27,,
03/03/23,CHICK-FIL-A #03441,DEBIT,,,,,,-9.24,,
03/03/23,SAFEWAY #2263,DEBIT,,,,,,-21.98,,
03/03/23,SQ *FALLING PRICES CIT,DEBIT,,,,,,-82.81,,
03/02/23,NUGGET MARKET #6,DEBIT,,,,,,-102.75,,
03/01/23,CHEVRON 0207436,DEBIT,,,,,,-119.99,,
03/01/23,CHICK-FIL-A #03653,DEBIT,,,,,,-48.33,,
02/24/23,BIOMECHANIC CHIROPRACT,DEBIT,,,,,,-40,,
02/24/23,DOLLAR TREE,DEBIT,,,,,,-107.95,,
02/24/23,ROSEVILLE GROCERY OU,DEBIT,,,,,,-409.51,,
02/23/23,STARBUCKS STORE 13400,DEBIT,,,,,,-9.9,,
02/22/23,IN N OUT BURGER 225,DEBIT,,,,,,-17.32,,
02/22/23,WM SUPERCENTER #3652,DEBIT,,,,,,-16.61,,
02/22/23,WM SUPERCENTER #3652,DEBIT,,,,,,-59.93,,
02/20/23,MARRIOTT MARQUISHOUSTO,DEBIT,,,,,,-989.1,,
02/19/23,TORRID #5048,DEBIT,,,,,,-11,,
02/17/23,NUGGET MARKET #6,DEBIT,,,,,,-8.99,,
02/16/23,WALMART.COM,DEBIT,,,,,,-14.68,,
02/16/23,WWW.TORRID.COM,DEBIT,,,,,,-74.54,,
02/15/23,ULTA.COM,DEBIT,,,,,,-30.23,,
02/15/23,ULTA.COM,DEBIT,,,,,,-20.03,,
02/13/23,SPROUTS FARMERS MARK,DEBIT,,,,,,-72.76,,
02/12/23,CHEVRON 0376769,DEBIT,,,,,,-85.72,,
02/12/23,NUGGET MARKET #6,DEBIT,,,,,,-73.69,,
02/10/23,AUTOMOTIVE SERVICE OF,DEBIT,,,,,,-99.35,,
02/10/23,BABYLON CITY MARKET,DEBIT,,,,,,-53.05,,
02/10/23,CITY OF FOLSOM PARK &,DEBIT,,,,,,-42,,
02/10/23,FAITHGATEWAY.COM,DEBIT,,,,,,-39.54,,
02/10/23,HOBBY LOBBY #522,DEBIT,,,,,,-8.78,,
02/10/23,O'REILLY AUTO PARTS 34,DEBIT,,,,,,-200.08,,
02/10/23,QUIK STOP #0103,DEBIT,,,,,,-110.95,,
02/09/23,CHEVRON 0099485,DEBIT,,,,,,-65.17,,
02/09/23,PAYPAL *PRADEEPHAND,DEBIT,,,,,,-51.48,,
02/09/23,TARGET        00022681,DEBIT,,,,,,-142.9,,
02/08/23,HCSS,DEBIT,,,,,,-1990,,
02/08/23,LI'S MONGOLIAN BBQ,DEBIT,,,,,,-17.23,,
02/07/23,CHEVRON 0380437,DEBIT,,,,,,-82.03,,
02/07/23,WWW.TORRID.COM,DEBIT,,,,,,-10.74,,
02/06/23,PAPA MURPHY'S CA124,DEBIT,,,,,,-109.39,,
02/04/23,IKEA WEST SACRAMENTO,DEBIT,,,,,,-118.23,,
02/04/23,SACRAMENTO DI,DEBIT,,,,,,-26.5,,
02/03/23,PAPA MURPHY'S CA227,DEBIT,,,,,,-25.18,,
02/01/23,TST* HOOD STATION,DEBIT,,,,,,-43.1,,
01/30/23,CHEVRON 0376769,DEBIT,,,,,,-81.68,,
01/30/23,STARBUCKS STORE 13400,DEBIT,,,,,,-5.25,,
01/30/23,WACKY TACKY COMPANY LL,DEBIT,,,,,,-32,,
01/29/23,FANDANGO,DEBIT,,,,,,-26.78,,
01/29/23,REGAL DELTA SHORES 14,DEBIT,,,,,,-18.97,,
01/29/23,WALMART #2464,DEBIT,,,,,,-89.13,,
01/29/23,WM SUPERCENTER #2464,DEBIT,,,,,,-123.05,,
01/27/23,AUTOMOTIVE SERVICE OF,DEBIT,,,,,,-61.5,,
01/27/23,ROSEVILLE GROCERY OU,DEBIT,,,,,,-310.67,,
01/26/23,7-ELEVEN 34492,DEBIT,Automotive,Gas,,,,-15.05,,
01/26/23,NUGGET MARKET #6,DEBIT,,,,,,-141.87,,
01/26/23,STARBUCKS STORE 13400,DEBIT,,,,,,-14.35,,
01/26/23,THAI HUT,DEBIT,,,,,,-70.31,,
01/25/23,CHEVRON 0308063,DEBIT,,,,,,-61.29,,
01/25/23,CHEVRON 0380437,DEBIT,,,,,,-87.85,,
01/25/23,FALLING PRICES ELK GRO,DEBIT,,,,,,-116.06,,
01/24/23,Payment Received,CREDIT,,,,,,1316.09,,
01/21/23,ARBY'S 5771,DEBIT,Food,Fast Food,Arbys,,,-27.99,,
01/21/23,CHEVRON 0376769,DEBIT,,,,,,-59.03,,
01/21/23,NUGGET MARKET #6,DEBIT,,,,,,-15.69,,
01/20/23,STARBUCKS STORE 05499,DEBIT,,,,,,-13.9,,
01/20/23,TM *MICHAEL CARBONARO,DEBIT,,,,,,-129.05,,
01/19/23,CHEVRON 0376769,DEBIT,,,,,,-92.47,,
01/19/23,CHEVRON 0376769,DEBIT,,,,,,-22.72,,
01/19/23,TACO BELL 26783,DEBIT,,,,,,-17.63,,
01/18/23,BJS RESTAURANTS 508,DEBIT,,,,,,-36.81,,
01/17/23,WWW.TORRID.COM,DEBIT,,,,,,-34.16,,
01/16/23,SQ *SUITE 207,DEBIT,,,,,,-90,,
01/16/23,STARBUCKS STORE 13400,DEBIT,,,,,,-15.65,,
01/16/23,TARGET        00011213,DEBIT,,,,,,-9.52,,
01/16/23,ULTA #124,DEBIT,,,,,,-9.59,,
01/12/23,TARGET        00022681,DEBIT,,,,,,-65.57,,
01/07/23,CHEVRON 0376769,DEBIT,,,,,,-78.79,,
01/07/23,HOBBY-LOBBY #491,DEBIT,,,,,,-71.72,,
01/07/23,ROSS STORES #1200,DEBIT,,,,,,-44.13,,
01/07/23,WWW.TORRID.COM,DEBIT,,,,,,-30.81,,
01/06/23,FOOTHILLS HABITAT FOR,DEBIT,,,,,,-33,,
01/06/23,TARGET        00022681,DEBIT,,,,,,-180.95,,
01/05/23,Payment Received,CREDIT,,,,,,2631.96,,
01/04/23,CHEVRON 0376769,DEBIT,,,,,,-100.39,,
01/04/23,CHEVRON 0376769,DEBIT,,,,,,-54.1,,
01/03/23,CHEVRON 0207436,DEBIT,,,,,,-13.52,,
01/03/23,ROMANS PIZZA,DEBIT,,,,,,-47.6,,
01/02/23,BJS RESTAURANTS 508,DEBIT,,,,,,-82.42,,
12/31/22,TARGET        00022681,DEBIT,,,,,,-28.25,,
12/31/22,THE HOME DEPOT #1003,DEBIT,,,,,,-17.69,,
12/30/22,ARCO#07168ARCO #071QPS,DEBIT,,,,,,-71.22,,
12/30/22,ROSEVILLE GROCERY OU,DEBIT,,,,,,-579.71,,
